time,step-size,{Controller}.ctl.motor,{RobotArm}.env.theta
0.0,0.0,0.0,0.0
2.0,2.0,10.927200000000001,-0.2858460705130926
4.0,2.0,10.973445666733076,34.095872417383106
6.0,2.0,-58.08417122978793,69.03942304063648
8.0,2.0,-92.6588725756229,-113.80294506700619
10.0,2.0,179.3805569333729,-407.4189203415562
